pno,name,pdate,amount
1,이유신,2023-09-03,16000
2,강감순,2023-10-13,381000
3,홍길순,2023-06-01,232000
4,홍길자,2023-07-07,251000
5,김구,2023-07-10,335000
6,홍길순,2023-12-09,317000
7,홍길자,2023-03-12,28000
8,유관순,2023-03-23,173000
9,김유신,2023-01-31,41000
10,홍길동,2023-10-22,284000
11,이유신,2023-04-05,175000
12,김유신,2023-05-31,75000
13,강감찬,2023-06-19,211000
14,이유신,2024-01-25,115000
15,김구,2023-09-01,115000
16,이순신,2023-06-13,170000
17,홍길동,2023-05-02,189000
18,홍길동,2024-01-09,224000
19,홍길자,2023-08-16,375000
20,홍길자,2023-01-23,391000
21,홍길동,2023-06-11,241000
22,이유신,2023-07-24,31000
23,김구,2023-11-11,230000
24,이순신,2024-03-04,110000
25,이순신,2024-02-28,90000
26,김유신,2023-11-12,141000
27,김구,2024-02-14,53000
28,홍길동,2023-03-19,184000
29,이순신,2023-10-11,220000
30,홍길순,2024-01-25,212000
31,홍길순,2023-11-03,18000
32,강감찬,2023-08-01,125000
33,강감찬,2023-07-14,247000
34,김유신,2023-08-19,139000
35,홍길자,2023-08-15,229000
36,유관순,2023-06-21,66000
37,강감찬,2023-11-26,17000
38,강감찬,2024-03-07,107000
39,이순신,2023-12-24,120000
40,김유신,2023-08-03,121000
41,김유신,2023-01-26,217000
42,홍길순,2024-03-12,200000
43,이순신,2023-12-29,277000
44,이유신,2023-08-26,99000
45,강감순,2023-10-08,10000
46,김유신,2023-08-20,192000
47,유관순,2023-01-09,76000
48,홍길순,2023-10-28,94000
49,이순신,2024-02-17,360000
50,김유신,2023-09-02,58000
51,이유신,2024-01-14,29000
52,이순신,2023-11-02,208000
53,유관순,2023-09-25,277000
54,홍길순,2023-02-25,228000
55,이순신,2023-02-10,230000
56,이순신,2024-01-28,293000
57,김구,2024-02-18,159000
58,홍길자,2023-09-05,89000
59,강감찬,2023-06-30,335000
60,강감찬,2024-04-13,353000
61,이순신,2023-04-29,69000
62,홍길자,2023-11-27,320000
63,김구,2023-11-13,342000
64,김유신,2023-03-25,328000
65,강감순,2024-02-22,305000
66,강감순,2023-04-27,61000
67,김구,2023-12-05,191000
68,홍길동,2024-03-06,166000
69,김유신,2023-07-28,110000
70,유관순,2024-01-30,168000
71,김유신,2023-02-07,188000
72,이순신,2024-01-22,397000
73,홍길동,2023-06-05,210000
74,이유신,2023-03-04,355000
75,김구,2023-06-05,108000
76,김유신,2024-02-14,215000
77,김구,2023-10-15,255000
78,홍길동,2023-05-08,46000
79,유관순,2023-04-18,123000
80,김구,2023-03-25,366000
81,김유신,2023-07-19,140000
82,김구,2023-01-31,198000
83,이유신,2024-01-08,80000
84,이순신,2024-04-15,9000
85,김구,2023-05-07,283000
86,이순신,2023-05-05,377000
87,홍길순,2023-12-01,113000
88,김구,2024-04-10,157000
89,유관순,2024-02-25,337000
90,홍길자,2023-06-17,216000
91,강감찬,2023-08-21,240000
92,이유신,2023-05-07,343000
93,이유신,2023-04-22,248000
94,유관순,2023-12-15,198000
95,유관순,2023-03-16,59000
96,김구,2024-02-21,235000
97,홍길순,2023-02-07,276000
98,홍길순,2023-12-02,321000
99,강감찬,2023-10-06,160000
100,강감순,2023-03-04,107000
101,홍길자,2023-03-12,100000
102,홍길동,2023-02-17,269000
103,김구,2023-08-30,119000
104,이순신,2024-04-24,91000
105,홍길순,2024-04-28,109000
106,이순신,2023-09-02,245000
107,홍길동,2023-12-17,274000
108,유관순,2023-05-19,311000
109,이순신,2023-12-22,61000
110,유관순,2024-04-19,95000
111,강감찬,2023-10-28,47000
112,김구,2024-04-26,120000
113,유관순,2023-04-15,378000
114,김구,2023-03-15,55000
115,이순신,2023-02-13,383000
116,홍길순,2023-07-09,99000
117,이순신,2023-08-15,283000
118,강감순,2024-03-29,181000
119,홍길자,2023-10-28,298000
120,홍길동,2023-01-08,47000
121,김유신,2023-12-26,313000
122,이순신,2023-10-31,347000
123,이순신,2023-08-05,350000
124,유관순,2024-03-24,219000
125,홍길자,2023-07-12,41000
126,강감찬,2024-02-12,30000
127,강감찬,2024-04-18,175000
128,김구,2023-11-05,331000
129,이순신,2024-01-15,87000
130,이순신,2023-12-07,399000
131,김구,2024-02-06,382000
132,이순신,2023-03-03,244000
133,강감찬,2023-12-17,18000
134,유관순,2023-03-01,198000
135,강감순,2023-06-07,251000
136,홍길동,2023-09-09,31000
137,유관순,2023-04-25,23000
138,강감순,2023-10-22,203000
139,김유신,2023-11-05,67000
140,김구,2024-02-05,175000
141,강감찬,2023-03-15,203000
142,강감찬,2023-06-26,144000
143,홍길순,2023-06-10,237000
144,홍길순,2023-09-26,314000
145,이유신,2023-08-10,78000
146,홍길자,2023-05-03,79000
147,이순신,2024-04-28,241000
148,홍길동,2023-12-15,198000
149,이순신,2023-05-10,273000
150,홍길순,2023-08-03,31000
151,이유신,2024-03-13,161000
152,유관순,2023-05-25,324000
153,유관순,2023-05-21,194000
154,유관순,2024-04-10,201000
155,김유신,2024-01-29,160000
156,강감순,2023-11-02,123000
157,김구,2024-03-16,126000
158,이유신,2023-07-03,391000
159,이유신,2023-09-16,389000
160,홍길동,2024-03-16,129000
161,김유신,2024-01-18,198000
162,홍길자,2023-03-14,395000
163,홍길순,2023-12-31,166000
164,강감순,2023-10-07,160000
165,홍길순,2023-06-01,309000
166,유관순,2023-01-07,277000
167,강감순,2023-01-03,107000
168,홍길순,2023-02-26,295000
169,홍길자,2023-05-14,127000
170,홍길동,2023-05-02,258000
171,유관순,2023-04-10,350000
172,이유신,2023-01-03,369000
173,홍길순,2023-01-01,183000
174,홍길자,2023-05-03,183000
175,김유신,2023-08-25,284000
176,홍길순,2024-01-29,85000
177,이유신,2023-11-08,11000
178,이순신,2023-11-28,240000
179,김유신,2023-07-05,296000
180,김유신,2023-08-25,49000
181,유관순,2023-03-30,339000
182,홍길동,2023-12-24,235000
183,홍길자,2023-09-10,139000
184,김유신,2024-03-20,137000
185,김구,2023-03-21,240000
186,홍길동,2023-04-05,81000
187,이유신,2023-02-19,357000
188,이유신,2024-03-04,400000
189,김구,2024-04-04,354000
190,이순신,2023-04-13,376000
191,홍길동,2024-02-10,312000
192,김구,2023-05-06,16000
193,이유신,2023-07-19,319000
194,홍길동,2023-08-24,191000
195,이유신,2023-05-14,380000
196,이순신,2023-03-02,195000
197,홍길순,2023-02-08,310000
198,홍길순,2024-01-08,148000
199,강감순,2023-04-24,227000
200,홍길순,2023-05-02,86000
201,이순신,2023-03-13,183000
202,홍길동,2023-03-01,115000
203,유관순,2023-05-06,198000
204,홍길자,2023-07-06,341000
205,강감찬,2023-03-16,270000
206,이순신,2023-11-18,80000
207,유관순,2023-10-27,65000
208,김구,2024-03-22,16000
209,이순신,2024-03-13,329000
210,강감순,2023-12-16,334000
211,홍길자,2023-08-27,67000
212,홍길자,2023-05-18,122000
213,유관순,2023-12-12,232000
214,강감순,2024-03-05,126000
215,홍길동,2023-03-29,6000
216,홍길자,2024-03-23,80000
217,홍길순,2023-12-23,265000
218,유관순,2023-05-29,146000
219,김유신,2023-11-09,199000
220,유관순,2023-09-12,8000
221,김유신,2023-03-25,202000
222,홍길자,2023-01-31,128000
223,홍길순,2024-01-11,49000
224,이순신,2023-01-10,164000
225,강감순,2023-09-03,357000
226,유관순,2023-03-19,48000
227,이유신,2023-10-09,39000
228,이유신,2023-10-23,185000
229,홍길자,2023-08-16,287000
230,이순신,2024-02-13,86000
231,유관순,2023-06-15,187000
232,이순신,2023-03-03,163000
233,이순신,2024-01-24,323000
234,이순신,2023-09-19,8000
235,홍길자,2023-01-17,249000
236,강감찬,2023-11-30,126000
237,이유신,2023-08-02,282000
238,김유신,2024-03-22,24000
239,홍길순,2023-10-04,228000
240,강감찬,2023-04-09,304000
241,이유신,2024-04-29,153000
242,홍길자,2024-01-05,351000
243,김구,2023-09-15,312000
244,홍길순,2023-03-04,372000
245,이유신,2024-02-25,255000
246,강감순,2023-12-28,79000
247,김구,2024-03-10,149000
248,홍길동,2024-01-16,192000
249,이유신,2023-11-18,221000
250,홍길자,2023-07-02,390000
251,강감순,2023-03-13,49000
252,김구,2023-05-18,205000
253,이유신,2023-08-20,106000
254,강감찬,2023-01-19,276000
255,김유신,2023-12-25,333000
256,홍길순,2024-02-18,43000
257,강감순,2023-07-17,132000
258,김구,2023-11-16,371000
259,홍길자,2024-01-22,134000
260,홍길자,2024-03-09,326000
261,김유신,2024-03-03,188000
262,김구,2024-01-31,266000
263,강감찬,2023-09-01,133000
264,홍길자,2024-01-16,337000
265,이유신,2023-11-19,89000
266,홍길동,2023-02-13,227000
267,홍길동,2023-07-16,206000
268,이유신,2023-04-26,282000
269,강감찬,2023-08-18,372000
270,김구,2023-07-29,234000
271,홍길동,2023-10-31,318000
272,홍길순,2023-04-22,266000
273,강감찬,2024-03-14,245000
274,강감순,2023-03-20,359000
275,강감찬,2024-03-29,114000
276,강감찬,2023-02-28,31000
277,홍길동,2023-12-03,301000
278,김유신,2023-08-25,172000
279,김유신,2023-01-13,393000
280,강감찬,2023-01-22,14000
281,이유신,2023-07-31,155000
282,유관순,2023-09-09,102000
283,김구,2023-04-20,111000
284,유관순,2024-03-04,57000
285,홍길동,2024-02-19,384000
286,김유신,2024-01-11,82000
287,홍길동,2024-04-01,266000
288,김구,2024-03-11,286000
289,홍길자,2023-03-18,32000
290,강감순,2023-05-24,341000
291,김구,2023-05-19,6000
292,홍길동,2023-11-09,112000
293,홍길동,2023-12-07,243000
294,이유신,2023-01-23,176000
295,유관순,2023-05-05,277000
296,강감찬,2023-07-09,106000
297,강감찬,2023-03-24,377000
298,홍길자,2024-02-03,169000
299,김유신,2024-03-12,11000
300,강감찬,2023-10-18,80000
301,홍길자,2023-07-30,193000
302,김구,2024-04-13,227000
303,강감찬,2024-02-12,116000
304,김구,2024-02-25,219000
305,김구,2023-05-23,265000
306,홍길동,2023-09-19,210000
307,강감찬,2024-04-05,129000
308,김유신,2024-01-14,312000
309,강감찬,2023-08-10,205000
310,김구,2023-03-15,169000
311,강감찬,2023-12-11,57000
312,홍길순,2023-08-22,315000
313,홍길순,2023-10-13,49000
314,강감순,2023-08-24,128000
315,이유신,2023-01-20,244000
316,강감찬,2024-01-09,372000
317,김유신,2023-05-08,119000
318,이순신,2023-10-22,155000
319,강감찬,2023-06-28,166000
320,강감찬,2023-04-14,168000
321,강감찬,2023-09-26,397000
322,강감찬,2023-11-04,392000
323,이유신,2024-01-18,283000
324,홍길자,2023-03-06,124000
325,강감순,2023-05-18,177000
326,홍길자,2023-03-25,64000
327,이순신,2024-03-29,257000
328,김구,2024-01-05,360000
329,유관순,2023-07-18,245000
330,이유신,2023-09-07,54000
331,강감순,2023-12-18,107000
332,강감찬,2023-11-16,180000
333,강감찬,2023-12-28,222000
334,강감찬,2023-02-07,381000
335,김구,2023-08-28,166000
336,홍길동,2024-04-09,90000
337,강감찬,2023-07-28,292000
338,강감찬,2023-08-05,330000
339,홍길순,2024-03-26,369000
340,홍길자,2023-08-02,210000
341,김구,2023-06-11,89000
342,이순신,2023-10-05,113000
343,홍길순,2024-01-01,311000
344,강감순,2023-01-28,164000
345,이유신,2023-11-08,262000
346,강감찬,2024-04-06,191000
347,홍길동,2023-03-20,112000
348,홍길자,2023-01-28,391000
349,강감순,2023-02-17,21000
350,이순신,2023-01-06,129000
351,강감찬,2023-05-27,299000
352,유관순,2023-02-21,302000
353,이순신,2023-02-16,193000
354,이순신,2024-03-04,28000
355,강감순,2023-12-29,292000
356,유관순,2023-06-15,196000
357,김구,2023-07-29,316000
358,이유신,2024-02-14,270000
359,홍길동,2024-01-03,165000
360,홍길동,2023-03-27,41000
361,홍길동,2023-11-01,151000
362,이순신,2023-10-14,176000
363,강감찬,2024-01-18,250000
364,강감찬,2023-11-22,241000
365,김구,2023-07-05,188000
366,홍길자,2023-01-06,128000
367,유관순,2023-03-20,303000
368,홍길동,2023-10-14,270000
369,김구,2023-09-04,377000
370,강감찬,2023-02-26,392000
371,김유신,2023-09-05,260000
372,강감찬,2023-06-29,385000
373,김구,2024-03-24,294000
374,홍길순,2023-05-16,373000
375,유관순,2023-08-09,309000
376,김유신,2024-03-31,177000
377,김구,2023-02-28,36000
378,강감순,2023-07-19,390000
379,홍길자,2023-10-18,23000
380,이순신,2023-01-21,83000
381,이순신,2023-09-26,46000
382,홍길자,2023-01-10,26000
383,강감찬,2024-02-26,359000
384,홍길자,2023-03-03,67000
385,홍길동,2023-05-14,400000
386,강감순,2023-04-04,338000
387,홍길동,2023-02-22,331000
388,유관순,2023-07-28,251000
389,유관순,2023-10-13,250000
390,유관순,2023-08-02,367000
391,강감순,2024-01-19,128000
392,강감찬,2023-04-19,135000
393,김유신,2023-10-07,143000
394,홍길순,2023-08-13,28000
395,이유신,2024-03-01,255000
396,이순신,2023-07-13,384000
397,이유신,2024-01-02,243000
398,유관순,2024-01-06,318000
399,강감순,2023-02-07,224000
400,이유신,2023-07-10,222000
401,홍길자,2023-10-07,244000
402,홍길순,2023-03-15,317000
403,유관순,2023-12-19,367000
404,홍길자,2023-01-15,255000
405,이순신,2023-10-24,133000
406,홍길동,2023-03-14,373000
407,강감찬,2023-01-26,347000
408,홍길동,2023-07-29,397000
409,유관순,2023-08-06,173000
410,홍길동,2024-04-21,337000
411,강감순,2023-08-01,211000
412,김구,2023-12-18,256000
413,이순신,2024-01-17,332000
414,이유신,2023-06-17,205000
415,홍길자,2023-03-13,240000
416,이순신,2024-03-22,168000
417,홍길순,2023-04-13,130000
418,강감순,2023-09-22,36000
419,이순신,2023-10-09,250000
420,김구,2023-04-25,147000
421,유관순,2023-08-24,209000
422,홍길동,2023-05-18,317000
423,김유신,2023-06-15,339000
424,유관순,2023-01-07,298000
425,이유신,2024-01-30,68000
426,이순신,2023-08-22,399000
427,강감찬,2023-10-17,177000
428,김구,2023-09-05,112000
429,강감찬,2023-02-07,278000
430,김구,2023-01-23,237000
431,유관순,2023-01-24,10000
432,강감찬,2023-12-20,148000
433,강감찬,2023-04-18,167000
434,강감찬,2023-03-30,262000
435,강감찬,2024-03-23,255000
436,홍길순,2024-01-05,108000
437,강감순,2024-04-13,400000
438,홍길순,2023-09-17,319000
439,홍길순,2024-01-14,290000
440,홍길동,2024-01-01,259000
441,홍길순,2023-05-05,273000
442,이유신,2024-04-19,168000
443,이순신,2023-10-11,28000
444,강감순,2024-03-17,192000
445,이유신,2023-07-21,15000
446,이순신,2023-03-09,305000
447,김구,2023-09-11,122000
448,홍길동,2023-07-17,142000
449,이유신,2023-09-23,239000
450,홍길순,2024-04-03,49000
451,유관순,2023-07-02,68000
452,이순신,2023-08-22,280000
453,김유신,2023-05-09,393000
454,강감찬,2023-12-15,187000
455,강감찬,2024-03-20,278000
456,이유신,2023-05-02,2000
457,홍길자,2024-02-07,391000
458,유관순,2023-06-30,376000
459,홍길자,2023-10-10,393000
460,김유신,2023-01-10,335000
461,이순신,2023-09-01,390000
462,이순신,2023-06-24,145000
463,강감순,2023-05-16,61000
464,홍길자,2023-12-27,272000
465,김구,2023-04-11,227000
466,이유신,2023-10-13,173000
467,이유신,2023-05-09,284000
468,강감찬,2024-03-07,372000
469,유관순,2023-10-15,42000
470,강감순,2023-08-28,154000
471,이순신,2023-07-16,231000
472,이순신,2023-11-04,180000
473,김구,2023-10-17,283000
474,이순신,2023-05-27,294000
475,강감순,2023-04-23,79000
476,강감순,2023-12-03,137000
477,홍길동,2024-03-12,352000
478,이순신,2024-04-11,299000
479,이유신,2023-10-25,95000
480,홍길자,2023-01-14,115000
481,홍길순,2023-08-15,276000
482,홍길순,2023-12-07,116000
483,홍길자,2024-04-13,23000
484,이유신,2024-01-26,220000
485,이순신,2024-04-03,346000
486,강감순,2023-12-27,200000
487,유관순,2024-02-04,203000
488,김유신,2024-04-02,399000
489,유관순,2023-06-10,24000
490,강감순,2024-01-11,15000
491,강감순,2024-04-02,325000
492,김유신,2023-08-01,120000
493,유관순,2023-06-01,373000
494,홍길순,2024-02-21,294000
495,김유신,2023-07-12,294000
496,홍길동,2023-10-11,200000
497,유관순,2023-08-14,245000
498,김유신,2024-01-22,123000
499,강감찬,2024-02-13,313000
500,홍길순,2024-02-13,102000
501,홍길동,2023-01-24,26000
502,이유신,2023-11-20,354000
503,김구,2023-03-25,311000
504,김구,2024-02-24,260000
505,유관순,2023-04-06,378000
506,유관순,2024-02-26,233000
507,이유신,2023-07-10,76000
508,강감순,2023-10-12,97000
509,홍길순,2023-01-20,85000
510,이순신,2024-03-05,195000
511,유관순,2023-04-11,255000
512,홍길순,2023-10-18,30000
513,강감순,2024-03-07,49000
514,홍길동,2023-01-02,234000
515,강감순,2024-02-12,358000
516,김구,2023-08-22,203000
517,홍길순,2023-05-05,335000
518,강감찬,2023-03-16,400000
519,유관순,2023-12-16,204000
520,이유신,2023-08-11,70000
521,강감순,2023-09-03,397000
522,홍길동,2023-05-19,187000
523,강감찬,2023-01-02,220000
524,홍길자,2023-04-29,21000
525,이유신,2024-03-31,211000
526,홍길자,2023-07-22,89000
527,김유신,2023-04-03,341000
528,홍길동,2023-07-09,3000
529,홍길자,2023-08-14,363000
530,강감순,2023-07-15,356000
531,홍길자,2023-09-11,308000
532,이순신,2023-12-24,231000
533,김구,2023-04-14,115000
534,홍길순,2023-05-19,302000
535,김유신,2023-12-25,82000
536,홍길동,2023-12-31,390000
537,이순신,2023-09-11,26000
538,강감찬,2023-04-24,201000
539,유관순,2024-04-07,301000
540,유관순,2023-02-25,29000
541,강감순,2023-05-18,124000
542,강감순,2023-10-02,99000
543,홍길동,2024-03-10,37000
544,김구,2023-03-03,362000
545,유관순,2024-03-22,397000
546,유관순,2023-10-14,350000
547,김구,2023-11-30,47000
548,홍길순,2024-03-28,174000
549,유관순,2023-08-23,264000
550,홍길자,2023-07-28,399000
551,강감찬,2023-08-31,193000
552,이유신,2023-09-07,363000
553,유관순,2023-01-21,345000
554,강감찬,2023-05-15,383000
555,강감순,2023-12-27,344000
556,강감찬,2023-07-02,152000
557,홍길자,2023-08-12,93000
558,강감찬,2023-06-24,274000
559,강감찬,2023-06-30,180000
560,홍길동,2023-07-29,28000
561,강감순,2024-03-21,223000
562,홍길자,2023-05-30,217000
563,김유신,2024-01-05,270000
564,김유신,2024-01-13,196000
565,강감순,2024-04-08,259000
566,이순신,2023-05-19,333000
567,이순신,2023-07-19,226000
568,김구,2023-02-17,272000
569,강감찬,2024-02-15,41000
570,이순신,2023-09-08,376000
571,김구,2023-05-31,18000
572,강감순,2023-10-27,250000
573,이유신,2023-08-04,11000
574,홍길자,2024-02-13,323000
575,강감찬,2023-10-28,334000
576,유관순,2023-05-08,148000
577,김구,2023-06-25,282000
578,홍길동,2024-02-28,103000
579,김구,2023-11-29,236000
580,홍길순,2023-09-16,99000
581,홍길순,2024-04-29,206000
582,홍길자,2024-01-13,327000
583,강감찬,2023-12-18,236000
584,홍길자,2023-03-12,228000
585,강감찬,2024-02-17,300000
586,이순신,2023-10-21,52000
587,홍길자,2023-12-10,369000
588,김구,2023-01-25,78000
589,홍길순,2023-07-04,195000
590,김구,2024-04-17,134000
591,강감순,2024-02-27,290000
592,이유신,2023-11-09,32000
593,유관순,2023-03-17,129000
594,강감순,2023-04-23,256000
595,강감순,2023-12-14,291000
596,이유신,2023-05-23,90000
597,홍길순,2023-01-23,251000
598,김구,2023-03-17,39000
599,강감찬,2024-01-24,2000
600,홍길자,2024-04-02,68000
601,홍길순,2023-06-02,162000
602,이순신,2023-11-03,28000
603,유관순,2023-07-30,343000
604,김유신,2023-10-26,393000
605,김구,2023-01-20,385000
606,홍길동,2023-02-18,116000
607,홍길동,2023-07-20,393000
608,홍길자,2023-12-09,348000
609,강감순,2023-06-04,154000
610,홍길순,2023-07-18,202000
611,김유신,2024-02-18,213000
612,강감순,2024-01-14,188000
613,홍길자,2023-01-13,70000
614,김구,2024-04-15,198000
615,강감순,2023-02-04,126000
616,김유신,2023-07-22,109000
617,홍길순,2023-03-08,98000
618,홍길동,2023-01-04,308000
619,강감순,2023-02-18,110000
620,홍길자,2024-04-21,163000
621,홍길자,2023-07-16,282000
622,홍길동,2024-02-01,294000
623,유관순,2023-08-20,126000
624,강감찬,2023-10-19,204000
625,이유신,2024-03-14,340000
626,강감찬,2023-10-06,44000
627,유관순,2023-07-01,188000
628,홍길자,2023-03-15,154000
629,홍길순,2023-10-14,66000
630,홍길자,2023-11-03,282000
631,홍길자,2023-05-10,44000
632,김구,2024-04-07,62000
633,유관순,2023-11-04,380000
634,유관순,2024-03-17,379000
635,홍길순,2023-03-10,306000
636,이유신,2023-10-18,160000
637,김구,2024-02-29,342000
638,이순신,2023-04-14,267000
639,김유신,2023-09-05,170000
640,이순신,2023-02-11,127000
641,강감찬,2023-10-02,238000
642,홍길자,2023-11-22,51000
643,유관순,2024-03-24,109000
644,이순신,2023-11-02,52000
645,김유신,2023-04-30,362000
646,이순신,2024-03-04,393000
647,강감찬,2023-09-08,130000
648,김유신,2023-05-11,212000
649,김유신,2023-06-04,208000
650,유관순,2023-04-11,212000
651,김유신,2023-08-18,45000
652,홍길자,2023-05-02,203000
653,홍길동,2024-03-08,322000
654,강감순,2024-01-29,139000
655,홍길자,2023-04-22,286000
656,홍길동,2023-04-26,227000
657,홍길자,2023-03-10,164000
658,홍길자,2024-01-14,368000
659,이순신,2023-04-07,247000
660,이순신,2024-01-05,192000
661,강감찬,2023-07-13,374000
662,강감찬,2023-12-04,263000
663,홍길자,2024-04-29,267000
664,이유신,2023-08-28,205000
665,홍길자,2023-02-07,364000
666,이순신,2023-11-22,217000
667,홍길자,2023-08-03,214000
668,유관순,2024-03-12,169000
669,김유신,2023-01-03,132000
670,김유신,2023-06-17,204000
671,강감순,2023-10-22,24000
672,김구,2023-08-31,2000
673,강감찬,2023-04-25,203000
674,강감순,2023-08-17,369000
675,이순신,2023-07-03,149000
676,김유신,2023-05-16,166000
677,김유신,2023-05-09,56000
678,이유신,2024-03-15,388000
679,홍길순,2023-04-21,138000
680,홍길자,2023-08-21,108000
681,이순신,2023-02-23,67000
682,이순신,2023-09-17,386000
683,강감순,2024-04-21,47000
684,유관순,2023-11-11,250000
685,강감찬,2023-10-26,187000
686,이순신,2023-08-14,286000
687,홍길순,2024-04-26,160000
688,김유신,2023-01-20,59000
689,강감순,2023-08-07,266000
690,홍길자,2024-03-12,191000
691,이순신,2023-02-21,31000
692,홍길순,2023-03-23,269000
693,강감순,2023-05-08,232000
694,이유신,2023-03-27,234000
695,강감순,2023-04-04,33000
696,김구,2024-03-13,248000
697,김구,2023-12-18,269000
698,김유신,2023-02-28,83000
699,김유신,2023-11-03,310000
700,김유신,2023-08-29,101000
701,홍길자,2023-03-24,120000
702,홍길자,2023-01-14,164000
703,이유신,2023-10-25,27000
704,강감찬,2023-01-04,265000
705,강감찬,2023-07-02,88000
706,강감순,2023-02-11,82000
707,유관순,2023-05-16,212000
708,이순신,2023-05-26,195000
709,홍길동,2023-06-29,121000
710,김유신,2023-02-01,2000
711,김유신,2023-07-28,364000
712,이유신,2023-08-16,268000
713,이유신,2023-04-09,297000
714,홍길동,2023-12-03,167000
715,강감순,2024-01-23,383000
716,이유신,2024-02-18,340000
717,김유신,2023-03-06,271000
718,이순신,2023-08-28,172000
719,홍길순,2023-01-16,221000
720,강감순,2023-08-25,322000
721,김유신,2024-02-20,25000
722,이유신,2024-04-20,132000
723,홍길동,2024-02-23,311000
724,김구,2024-02-11,224000
725,이순신,2024-03-25,25000
726,홍길동,2023-05-23,281000
727,강감순,2023-08-27,218000
728,김유신,2024-03-31,399000
729,이유신,2024-04-06,197000
730,김유신,2023-11-22,115000
731,이순신,2023-07-02,171000
732,유관순,2024-01-17,77000
733,이유신,2023-07-19,369000
734,홍길순,2024-03-07,104000
735,김유신,2024-04-13,166000
736,김구,2023-01-08,155000
737,이유신,2023-04-26,385000
738,홍길동,2023-05-06,65000
739,홍길동,2023-08-11,143000
740,강감찬,2023-01-14,41000
741,홍길순,2023-10-05,94000
742,강감순,2023-12-28,169000
743,김구,2023-10-04,92000
744,홍길자,2023-03-04,117000
745,유관순,2023-09-30,398000
746,유관순,2024-04-16,231000
747,강감순,2024-01-28,191000
748,유관순,2023-05-04,281000
749,홍길자,2023-08-20,53000
750,강감순,2024-04-04,212000
751,이유신,2023-07-14,217000
752,홍길자,2023-09-26,43000
753,홍길순,2023-05-09,35000
754,이순신,2024-02-23,330000
755,이유신,2023-03-11,295000
756,강감순,2023-09-12,238000
757,홍길동,2023-12-03,68000
758,홍길순,2023-10-09,291000
759,홍길동,2024-02-21,134000
760,김구,2024-01-02,356000
761,이순신,2023-06-21,163000
762,유관순,2023-03-06,252000
763,강감순,2024-03-05,308000
764,홍길동,2024-02-20,219000
765,이유신,2023-03-08,292000
766,김구,2023-08-15,139000
767,김유신,2023-06-28,65000
768,이유신,2023-05-26,273000
769,김구,2024-03-04,296000
770,강감찬,2023-12-08,9000
771,강감찬,2023-02-10,357000
772,강감찬,2023-02-16,78000
773,강감찬,2024-03-18,76000
774,강감찬,2023-07-12,244000
775,이순신,2023-08-14,23000
776,이유신,2024-03-12,40000
777,김유신,2023-09-01,201000
778,김구,2024-03-16,221000
779,홍길동,2024-03-22,153000
780,김구,2024-02-21,315000
781,김구,2024-04-10,51000
782,강감찬,2023-09-15,32000
783,유관순,2023-12-13,194000
784,강감찬,2023-07-18,282000
785,강감찬,2024-04-27,73000
786,홍길자,2024-02-26,225000
787,홍길순,2023-03-20,56000
788,강감순,2023-03-10,368000
789,이유신,2023-03-12,352000
790,이순신,2023-08-19,213000
791,이순신,2023-05-26,9000
792,강감찬,2024-02-10,237000
793,이순신,2024-04-02,15000
794,이유신,2023-07-22,25000
795,홍길동,2023-01-16,347000
796,강감순,2023-12-05,274000
797,홍길자,2023-12-29,382000
798,홍길자,2023-09-22,279000
799,김유신,2023-06-07,6000
800,이순신,2023-10-31,314000
801,강감찬,2023-08-30,232000
802,유관순,2023-03-23,88000
803,김구,2024-04-01,119000
804,이순신,2023-09-17,153000
805,강감순,2023-04-17,33000
806,김구,2024-04-17,173000
807,이순신,2023-03-15,180000
808,홍길동,2023-07-09,17000
809,홍길순,2023-05-27,362000
810,이유신,2023-03-10,271000
811,홍길동,2023-05-17,84000
812,이순신,2023-10-17,189000
813,유관순,2024-02-29,21000
814,강감찬,2023-06-06,192000
815,강감순,2023-01-02,389000
816,이유신,2023-02-04,200000
817,강감찬,2023-03-27,29000
818,강감순,2024-01-04,329000
819,홍길순,2023-04-09,211000
820,홍길자,2023-05-21,145000
821,이유신,2023-10-04,275000
822,유관순,2024-01-16,78000
823,강감찬,2023-10-08,296000
824,이유신,2023-09-25,281000
825,김구,2024-03-14,173000
826,이순신,2023-12-01,322000
827,강감순,2023-12-06,179000
828,김구,2023-10-08,356000
829,강감순,2023-01-04,76000
830,이순신,2023-12-28,110000
831,홍길동,2024-04-21,11000
832,김유신,2024-04-23,369000
833,강감순,2023-06-25,178000
834,홍길동,2024-02-22,377000
835,홍길자,2023-12-26,97000
836,김구,2024-01-13,352000
837,홍길동,2023-04-25,148000
838,홍길순,2023-02-07,43000
839,김구,2024-03-27,19000
840,강감순,2023-06-23,199000
841,이유신,2023-08-21,37000
842,유관순,2024-03-12,388000
843,홍길순,2023-01-23,385000
844,홍길순,2023-11-03,84000
845,유관순,2023-07-09,334000
846,이순신,2023-08-25,190000
847,김유신,2023-05-26,212000
848,홍길순,2023-12-03,24000
849,김유신,2023-06-21,92000
850,김유신,2023-08-02,245000
851,홍길자,2023-03-20,195000
852,이유신,2023-06-12,310000
853,홍길순,2023-08-19,195000
854,홍길순,2023-02-10,146000
855,이유신,2023-01-04,273000
856,홍길순,2023-07-07,324000
857,이순신,2023-05-02,386000
858,홍길동,2023-01-03,357000
859,유관순,2024-04-11,137000
860,이유신,2023-11-01,390000
861,홍길자,2023-01-11,35000
862,이유신,2023-11-27,121000
863,유관순,2024-03-19,382000
864,유관순,2023-06-28,389000
865,강감순,2023-11-09,251000
866,이유신,2023-01-23,148000
867,강감찬,2023-11-03,122000
868,이순신,2023-01-08,230000
869,유관순,2024-03-14,217000
870,강감순,2024-03-15,238000
871,유관순,2023-08-27,307000
872,이유신,2023-01-16,395000
873,홍길동,2024-01-04,66000
874,강감순,2023-05-23,104000
875,유관순,2023-09-20,336000
876,홍길자,2023-02-21,308000
877,이순신,2023-04-03,52000
878,홍길순,2024-01-01,289000
879,유관순,2024-01-14,297000
880,이유신,2023-05-21,266000
881,강감찬,2023-07-17,252000
882,홍길순,2023-10-11,370000
883,홍길순,2023-05-30,12000
884,강감순,2023-02-14,54000
885,유관순,2023-10-24,168000
886,이유신,2023-09-14,78000
887,김구,2023-05-05,259000
888,이유신,2023-08-17,18000
889,김구,2023-03-07,370000
890,유관순,2023-07-12,222000
891,이유신,2023-07-12,239000
892,이순신,2023-02-05,19000
893,강감찬,2024-04-15,241000
894,홍길동,2023-01-24,199000
895,김구,2023-11-25,83000
896,유관순,2024-02-26,99000
897,홍길순,2023-05-10,175000
898,홍길자,2023-06-21,20000
899,홍길순,2023-02-26,133000
900,홍길자,2023-04-05,321000
901,강감순,2024-04-26,346000
902,홍길동,2023-12-30,94000
903,홍길동,2023-07-14,249000
904,유관순,2023-01-12,217000
905,홍길순,2023-12-25,152000
906,홍길동,2023-07-28,129000
907,홍길자,2023-02-04,132000
908,강감찬,2023-01-08,1000
909,홍길동,2023-02-21,152000
910,강감순,2024-04-01,168000
911,홍길순,2024-03-14,108000
912,홍길순,2023-02-24,163000
913,강감순,2023-10-09,35000
914,김구,2023-09-11,257000
915,김구,2023-07-11,317000
916,홍길순,2023-11-06,200000
917,홍길자,2023-05-25,34000
918,김구,2024-03-06,348000
919,홍길자,2023-06-12,110000
920,강감순,2024-01-18,279000
921,강감찬,2023-11-18,365000
922,김구,2024-03-23,101000
923,강감찬,2023-08-17,48000
924,김유신,2023-11-09,123000
925,유관순,2023-02-25,79000
926,김유신,2024-02-27,279000
927,유관순,2023-06-30,202000
928,유관순,2023-09-05,345000
929,김유신,2024-01-17,379000
930,김구,2023-11-18,359000
931,유관순,2024-04-05,247000
932,강감찬,2024-04-17,51000
933,유관순,2023-02-05,322000
934,강감찬,2023-11-21,109000
935,이유신,2024-03-19,62000
936,홍길동,2023-12-17,1000
937,강감찬,2023-12-22,42000
938,홍길순,2023-01-28,45000
939,김구,2023-09-30,205000
940,강감순,2023-01-13,68000
941,홍길동,2023-01-16,154000
942,강감찬,2024-03-13,143000
943,유관순,2023-01-19,397000
944,강감순,2023-12-06,93000
945,홍길동,2023-03-05,158000
946,강감찬,2023-08-09,314000
947,김유신,2024-04-13,153000
948,이순신,2023-06-29,300000
949,김구,2024-04-18,292000
950,이순신,2023-02-13,60000
951,홍길자,2024-01-30,398000
952,김유신,2024-03-26,158000
953,홍길동,2023-09-10,47000
954,홍길자,2023-03-19,124000
955,홍길자,2024-03-25,145000
956,강감찬,2023-09-04,151000
957,홍길자,2024-02-14,61000
958,홍길동,2023-01-02,399000
959,이순신,2023-01-15,232000
960,강감찬,2023-03-07,180000
961,홍길동,2023-05-24,326000
962,유관순,2023-04-13,222000
963,강감순,2023-12-24,315000
964,이순신,2023-05-20,59000
965,김구,2023-04-02,148000
966,홍길순,2023-05-09,167000
967,김유신,2023-05-16,20000
968,강감순,2024-01-10,27000
969,김구,2023-06-04,352000
970,이유신,2023-10-12,339000
971,홍길동,2023-02-17,105000
972,김구,2023-08-09,143000
973,이순신,2023-10-31,206000
974,홍길자,2024-03-14,339000
975,유관순,2023-12-11,46000
976,유관순,2023-07-14,239000
977,홍길순,2023-11-21,313000
978,홍길동,2024-02-20,48000
979,이순신,2024-01-01,306000
980,이순신,2024-04-08,340000
981,강감순,2024-02-10,47000
982,홍길자,2024-03-30,308000
983,홍길자,2023-11-13,247000
984,김유신,2023-07-01,216000
985,김유신,2023-03-20,368000
986,강감찬,2024-03-04,29000
987,강감찬,2023-06-12,366000
988,홍길동,2023-03-05,288000
989,이순신,2023-10-06,365000
990,유관순,2023-04-12,203000
991,이순신,2024-02-12,294000
992,홍길자,2024-04-04,362000
993,김구,2023-09-01,2000
994,강감순,2023-05-04,258000
995,김유신,2023-12-20,48000
996,홍길동,2023-10-07,1000
997,유관순,2023-03-29,315000
998,이순신,2023-03-06,84000
999,이유신,2023-03-28,253000
1000,김구,2023-08-17,135000
