"기준년월(STD_YM)","블록코드(BLCK_CD)","성별코드(SEX_CD)","연령대코드(AGE_CD)","상품코드(LMPH_CD)","시간대코드(TIME_CD)","구매지역(PURH_AREA)","구매_고객수(ACC_CNT)","구매건수(PURH_CNT)","구매금액(PURH_AMT)"
"201908","2*9*4*","02","04","01070104","03","11350700",1,1,5000
"201902","4*7*9*","01","04","01070109","03","11680531",1,1,381000
"201902","2*2*8*","01","05","01020602","05","11680545",1,1,3000
"201910","4*0*6*","01","05","02010204","03","11545610",1,1,49000
"201807","1*8*1*","01","05","01060103","05","11710680",1,3,32000
"201904","5*2*1*","02","06","01070109","04","11200560",1,2,10000
"201906","4*9*8*","01","03","01011899","06","11140540",1,1,4000
"201909","2*6*5","01","03","01011106","02","11650530",1,1,5000
"201910","2*1*9*","02","02","01060201","04","41117",1,2,2000
"201905","2*2*2*","01","06","01011399","04","11710642",1,1,1000
"201809","3*5*9*","02","03","01070109","04","11680656",1,1,7000
"201808","1*1*9","02","04","01038899","05","11215870",1,1,8000
"201809","8*9*","02","04","05010703","04","11710642",1,1,2000
"201803","2*7*7*","02","05","01060303","02","11530530",1,1,6000
"201901","4*3*4*","02","04","01011101","02","11530530",1,7,7000
"201809","1*4*5*","02","04","01011107","03","11650590",1,1,4000
"201903","2*5*1*","02","04","01011306","06","11350621",1,1,1000
"201802","2*3*3*","01","02","02010204","03","11350621",2,1,17000
"201807","2*1*4*","02","06","01060103","05","11560535",1,1,1000
"201812","1*9*7","02","05","02010306","05","11380690",1,2,3000
"201807","3*2*7*","02","02","01020302","04","11545610",3,1,9000
"201904","2*1*5*","02","05","01010104","03","11680720",2,1,1000
"201908","4*7*4*","02","05","05010302","06","11500611",1,1,16000
"201802","2*6*7*","01","05","02010503","05","11305534",1,1,3000
"201811","1*2*9*","02","04","01070108","03","11350621",1,4,18000
"201807","2*6*7*","02","06","01050203","05","11545610",1,1,3000
"201811","2*6*7*","02","04","01010904","03","11320690",2,1,10000
"201912","1*1*5","02","03","02020101","05","11305610",1,1,5000
"201808","1*2*9","02","07","01050302","05","11560540",1,1,6000
"201806","2*0*3*","01","05","01070303","06","11305534",1,3,2000
"201907","2*6*4","02","04","01070106","05","11710642",1,1,27000
"201808","4*1*2*","02","05","01120299","05","11230560",1,1,2000
"201812","1*5*6*","02","05","03020107","05","11230570",1,1,34000
"201906","4*8*5*","02","04","01060101","04","11230660",1,1,4000
"201812","2*3*5*","02","07","01030102","05","28237",1,6,3000
"201810","2*8*5","02","04","01011501","04","11680656",1,1,7000
"201812","8*9*","02","06","01080102","06","11305555",1,1,11000
"201805","1*4*9","01","06","01040102","05","11410620",1,1,3000
"201903","2*2*9","01","05","01050302","05","11500620",1,1,6000
"201809","5*2*4*","02","03","01010607","06","11380690",1,2,4000
"201807","5*1*3*","02","03","01060201","06","11380690",1,1,2000
"201803","1*4*6*","01","04","01011301","04","11350621",1,1,6000
"201811","9*2*","01","05","01070109","06","11680720",1,1,6000
"201809","4*5*0*","02","03","01011104","03","11380690",1,2,8000
"201907","4*8*5*","02","06","01020699","05","11680610",3,1,18000
"201907","2*2*6*","02","02","01050103","03","11230560",1,1,20000
"201804","2*6*9*","02","04","01011601","06","11440590",1,1,1739000
"201910","2*8*4*","01","04","01020101","05","41135",1,1,15000
"201904","3*6*1","02","03","01020701","05","11545610",1,3,5000
"201808","2*8*8","02","06","01011102","04","11650530",1,2,2000
"201809","2*6*1*","02","04","01020602","03","45113",1,1,1000
"201809","4*9*0*","01","05","01011606","04","41360",1,1,2000
"201801","1*8*7*","01","03","01070106","05","11710680",1,1,7000
"201910","3*4*4*","02","03","01080104","03","11650581",1,1,5000
"201908","2*7*8*","02","04","03030199","05","41570",1,1,7000
"201809","4*4*9*","01","03","03020201","05","11380690",1,1,2000
"201803","4*7*3*","02","03","01050302","03","11710680",1,12,1000
"201908","2*2*3*","02","04","01060204","05","11710642",1,1,1000
"201809","3*8*3*","02","05","05020205","05","11500570",1,1,65000
"201810","1*5*3","02","06","01070105","05","30200",1,1,36000
"201906","2*3*0*","02","03","01020601","04","11230536",1,1,2000
"201907","1*6*1*","01","02","01010901","05","11680700",1,1,2000
"201811","3*4*4*","01","03","01030104","03","11380530",1,1,1000
"201911","1*1*8","01","06","01011106","04","11560535",1,1,1000
"201912","2*1*6*","02","03","01011604","04","11350621",1,2,4000
"201908","2*4*0*","02","05","01010205","03","11320690",1,1,4000
"201910","2*1*7*","02","05","01070106","03","41310",1,1,4000
"201803","4*9*0*","02","03","01090201","04","11710680",1,2,3000
"201807","2*1*0*","02","04","01011604","05","11230560",1,1,5000
"201909","3*7*9*","02","04","01100101","05","11710642",1,1,2000
"201801","2*5*6*","02","06","01011102","05","11380530",1,2,2000
"201807","1*5*7*","02","04","01080101","03","11380690",1,2,11000
"201909","4*9*1*","02","02","01070201","04","11290660",1,4,8000
"201809","2*2*3*","01","04","01080102","03","11545610",1,3,7000
"201912","2*2*3*","01","02","01060101","06","11650530",1,1,34000
"201912","4*5*7*","02","03","09029999","03","11350625",1,2,1000
"201903","2*3*0*","02","03","03020101","02","11710647",2,1,7000
"201905","1*5*7","02","05","01011703","04","11545610",1,3,1000
"201908","2*1*8*","02","02","01010708","03","50110",1,2,1000
"201804","1*0*8","01","04","01070201","06","11500570",1,1,4000
"201909","3*6*2*","02","03","01010709","06","41310",1,2,3000
"201801","3*5*0*","01","03","01010512","06","11200690",1,1,1000
"201910","3*6*1*","02","05","01058899","05","11380530",1,2,4000
"201902","2*7*8*","02","04","01060101","06","11560610",1,1,5000
"201806","2*8*9*","02","06","01080101","05","44270",1,1,5000
"201910","2*1*6*","02","03","01010999","05","11710710",1,1,1000
"201809","2*4*9*","01","05","01070108","03","11380690",1,1,1000
"201907","2*1*3*","02","03","01020708","04","11215870",1,1,2000
"201805","7*2*6","02","03","01999999","04","11530530",3,1,3000
"201801","3*6*9*","02","07","01011309","02","11710570",1,1,7000
"201812","1*5*8*","02","05","03030205","06","41113",1,1,6000
"201906","2*7*9","02","03","05010199","05","11500620",1,2,2000
"201910","3*3*8*","02","04","01100101","05","11560535",1,1,8000
"201907","3*1*6*","02","06","01010207","03","11230560",1,1,3000
"201810","8*4*","01","06","01060103","05","41590",1,1,6000
"201905","3*2*3*","01","03","01011501","03","11350621",1,1,10000
"201807","3*5*0*","01","04","01011106","05","11380690",1,2,3000
"201812","2*2*4*","01","03","01050205","05","11680580",1,6,3000
"201810","4*2*5*","01","03","01020301","06","11215870",1,1,4000
"201802","2*8*3","02","04","01050801","04","41150",1,2,6000
"201901","4*9*9*","02","05","01050403","05","11500640",1,1,6000
"201810","5*0*3*","02","05","01020599","05","11650540",1,1,7000
"201809","2*1*2*","02","04","05020205","03","11305610",1,2,5000
"201904","3*5*2*","02","04","01050203","05","43130",1,2,4000
"201907","3*2*0*","02","05","01060102","04","11530530",1,1,31000
"201807","1*7*9","01","05","03039901","05","11350621",1,1,1000
"201909","2*4*0*","02","05","03010402","02","11710642",1,1,2000
"201904","3*2*2*","02","02","01010799","04","11350621",1,2,6000
"201901","2*6*9*","01","05","01011101","05","11170560",2,1,3000
"201808","4*9*7*","01","05","01050302","05","11215870",1,1,12000
"201910","1*7*3","02","06","01020204","05","11500570",1,3,6000
"201808","3*3*4*","02","07","01050613","05","11560610",1,2,9000
"201908","3*3*4*","01","05","01011107","04","11350621",1,1,4000
"201805","3*5*2*","02","05","01020799","04","11710710",1,2,1000
"201909","8*4*","02","06","01011501","03","11710670",1,1,3000
"201806","4*9*7*","02","02","01050302","04","11710680",1,7,36000
"201901","2*2*2*","02","04","01070201","04","29140",1,2,12000
"201912","4*0*7*","01","05","01070106","04","11545610",1,1,8000
"201807","2*7*7*","02","03","01011809","02","11710642",1,2,11000
"201910","3*3*9*","02","06","01011006","06","11410620",1,1,5000
"201809","1*2*9*","01","03","01011808","04","11350630",1,1,23000
"201808","1*1*6","02","06","01010604","06","11230660",1,2,9000
"201812","4*9*8*","02","04","01060201","04","11560610",1,13,8000
"201912","4*7*7*","02","03","01050801","05","11680720",1,1,7000
"201806","2*4*4","02","02","01059999","04","11650531",1,1,12000
"201805","2*6*7*","02","05","01070109","04","11530530",1,1,6000
"201912","4*5*8","02","03","01010999","03","11560610",1,2,2000
"201904","1*5*9*","02","04","01100101","05","11380690",1,1,2000
"201909","3*2*3*","02","05","01030104","05","11710600",1,1,7000
"201908","1*7*8","01","04","01060103","06","11350621",2,1,4000
"201902","2*7*7*","02","06","01070399","05","11545610",1,1,2000
"201811","3*5*1*","02","04","01020602","05","11710580",1,1,8000
"201808","1*3*4*","02","06","01010904","03","11500620",1,3,1000
"201807","3*4*2*","01","03","01080101","04","11380625",1,1,3000
"201904","4*4*9*","02","07","01070203","04","11710710",1,1,2000
"201806","4*0*9*","01","06","01058899","06","11410660",1,1,5000
"201910","1*5*3*","02","06","01070304","06","11230560",1,1,2000
"201904","2*6*9*","02","04","01010904","02","11710642",1,2,1000
"201904","1*7*5*","02","03","01050801","03","11290555",1,3,5000
"201909","1*5*6","02","06","01020602","06","11200570",1,2,4000
"201803","2*7*6","02","05","01011101","05","11350612",1,2,2000
"201809","2*5*9*","02","04","01011199","06","11215870",1,1,13000
"201812","2*2*8*","01","04","01011107","05","11320690",1,1,8000
"201904","4*9*6*","02","06","05010704","05","11320690",1,2,11000
"201811","1*2*8*","02","06","05010402","04","11710620",1,1,4000
"201905","2*1*6*","02","02","01020603","05","41463",1,1,1000
"201910","2*6*6*","02","03","01069902","05","11710710",1,1,8000
"201903","2*5*6*","02","03","01110104","04","11290780",1,1,15000
"201912","1*5*4*","02","06","05010304","05","11170560",1,1,1000
"201805","9*0*2","02","04","03010799","06","11380530",1,1,6000
"201901","3*5*3*","02","04","01010206","05","11350621",1,4,6000
"201907","3*5*9*","02","02","05030504","05","11530530",1,2,52000
"201808","2*6*6*","01","04","01011601","05","11650581",1,1,3000
"201906","4*5*5","02","04","01070101","05","11170530",1,1,5000
"201910","2*2*2*","01","05","01080102","03","11680590",1,2,20000
"201806","3*0*9*","01","06","01011107","02","41310",1,5,2000
"201803","5*2*2*","02","06","01020603","04","11500570",1,1,2000
"201806","9*2*","01","04","01010205","03","11320690",1,4,2000
"201912","4*2*7*","02","04","02010410","03","11710670",1,1,3000
"201904","2*1*9*","02","04","01030102","03","11305534",1,1,3000
"201812","3*5*4*","01","04","01050101","06","11500620",1,1,23000
"201806","1*4*7*","02","03","01080101","04","11230560",1,1,2000
"201908","1*6*4*","02","04","02010204","05","11380690",1,1,4000
"201807","1*5*1*","02","03","01060103","04","11545610",1,1,3000
"201905","2*8*7*","02","03","01090202","04","11650530",1,1,3000
"201807","1*0*7","02","03","01070108","04","11230570",1,1,6000
"201909","2*3*6*","02","03","01010514","04","11710646",1,1,10000
"201804","1*5*8*","02","05","01010903","05","11650590",1,1,3000
"201806","1*7*4","02","03","01020204","04","11350700",1,1,9000
"201906","1*7*4*","02","05","01011302","03","11230560",1,2,5000
"201808","2*3*9*","02","04","01010708","03","11500510",1,1,4000
"201908","3*3*7*","02","02","01070109","04","11230560",1,1,3000
"201812","1*6*6*","01","05","05020205","04","11530530",1,9,5000
"201906","3*3*4*","01","03","07010202","04","11710620",1,1,2000
"201911","3*2*9*","02","05","01011108","05","11230560",1,2,1000
"201807","1*9*2","02","03","01011106","03","11350630",1,1,1000
"201806","8*3*8","02","05","01010603","05","11500570",1,1,7000
"201812","1*8*4*","01","06","01011601","05","11530530",1,1,5000
"201812","2*7*2*","02","03","01060399","05","11560535",1,2,2000
"201903","2*4*6*","02","03","01070109","05","11305610",1,1,47000
"201904","2*9*0*","02","03","01020601","03","28260",1,1,3000
"201812","4*8*1*","02","05","01050201","04","11305610",1,3,21000
"201909","4*2*2*","02","05","01011903","04","11560535",1,1,9000
"201811","2*5*2*","02","04","01010707","05","11560610",1,2,2000
"201905","2*5*2*","02","04","01011804","05","11140540",1,17,3000
"201803","2*9*3","02","07","01011602","05","11710642",1,2,8000
"201809","3*5*3*","02","05","01010305","05","11350621",1,1,54000
"201906","2*2*1*","02","03","01070109","06","11470640",1,1,4000
"201801","2*9*3*","02","03","01060701","05","11380690",1,1,18000
"201904","8*1*","02","04","01060103","05","11230560",1,1,2000
"201806","2*8*8*","01","04","01010999","05","11545610",1,1,6000
"201810","2*1*8*","01","05","01070105","01","11545700",1,1,6000
"201801","2*3*9*","02","06","01020699","05","11410660",1,1,18000
"201908","1*9*1*","02","03","01011107","04","11680610",1,2,1000
"201809","1*1*","02","07","03020101","05","11710690",1,5,9000
"201909","4*1*6*","02","04","05030401","03","11350630",1,1,1000
"201812","1*8*1","01","06","01060103","04","11500620",1,3,4000
"201803","1*3*2*","02","05","01070201","03","11380690",1,1,3000
"201911","4*2*3*","02","04","05010701","04","11380690",1,1,5000
"201903","1*5*","02","05","01060204","06","11500640",1,1,6000
"201907","3*6*2*","01","05","02010301","05","11305610",1,7,1000
"201902","4*9*0*","01","05","01070110","05","11560610",1,1,2000
"201908","2*9*1","02","03","03020203","04","11545610",1,1,4000
"201806","4*0*0*","02","05","01060101","05","11710680",1,1,6000
"201907","2*7*8*","02","05","01030101","04","11200570",1,1,2000
"201808","5*0*8*","02","04","01020599","02","11545610",1,3,1000
"201809","2*4*6*","02","04","01020202","02","11320690",1,1,7000
"201803","2*5*9*","01","04","01020602","04","11410660",1,1,1000
"201901","2*1*2*","02","04","01011102","05","11350621",1,3,2000
"201810","1*1*2","01","05","01050203","04","11710642",1,1,27000
"201902","1*8*3","01","06","01050603","04","11200570",1,1,10000
"201804","1*5*2*","02","07","01050101","05","41430",1,1,6000
"201910","4*0*7*","01","03","01070110","04","11140540",2,2,7000
"201911","4*1*1*","02","04","01020307","05","41500",1,1,2000
"201808","3*6*7*","02","03","01070109","03","11650621",1,1,11000
"201912","2*2*2*","02","04","01011903","05","11320690",1,1,4000
"201907","2*5*2","02","05","02010306","02","11545610",1,2,3000
"201907","1*2*5*","02","04","01010206","05","11230560",1,1,4000
"201802","2*7*0*","02","04","01010602","03","11680720",1,2,8000
"201908","2*0*6","02","05","01050105","04","11410620",1,3,4000
"201905","2*3*7*","02","05","05030701","03","46130",1,1,2000
"201808","1*3*9*","01","03","01011809","05","11680521",1,1,6000
"201910","2*2*6*","01","03","01011899","04","11230740",1,1,284000
"201909","4*2*6*","01","03","05010302","05","11710680",1,1,2000
"201804","4*2*2*","02","05","01050203","02","11440555",1,2,3000
"201904","8*5*3","01","05","01030101","03","41310",1,1,7000
"201804","3*9*4*","01","03","01011601","05","11470550",1,1,2000
"201903","4*9*7*","02","02","05020205","05","11320690",1,1,22000
"201807","2*2*2*","01","04","01030102","05","41830",1,2,9000
"201808","1*7*8","02","05","01020503","06","11305534",1,1,2000
"201804","3*2*8*","02","02","01011601","03","27260",1,2,2000
"201810","1*4*1*","01","05","01080101","03","11140540",1,3,2000
"201803","1*8*4*","02","03","01010901","03","11680656",1,1,2000
"201808","3*1*1","02","03","01070302","03","11710680",1,1,7000
"201801","1*0*9*","02","04","01010513","03","11620725",1,1,12000
"201801","2*6*1","01","05","01070102","05","41500",1,1,5000
"201807","1*3*5*","02","02","01070109","02","11170625",1,2,4000
"201903","2*5*5","02","05","09029999","05","11650530",1,1,4000
"201801","2*1*6*","01","03","01070110","04","11170560",2,7,39000
"201812","3*2*8*","01","05","01020603","04","11170560",1,1,12000
"201905","1*7*8","02","03","01010203","05","41117",1,1,5000
"201801","4*6*3*","02","04","01050801","05","11380530",1,7,8000
"201904","4*4*8*","01","03","01011308","05","11290780",3,3,4000
"201801","2*8*3*","02","04","01080102","05","11350621",1,1,2000
"201911","3*3*2*","01","03","01060204","06","11440555",1,1,3000
"201803","4*1*8*","01","04","01070302","03","11545610",1,1,19000
"201904","2*5*6*","02","03","01010708","04","11230660",1,1,20000
"201805","4*8*2*","02","06","01011808","03","41830",1,1,1000
"201909","2*9*4*","02","05","01020301","05","11650510",2,1,13000
"201912","1*7*7","02","05","01020704","05","11350621",1,1,1000
"201802","4*7*1*","02","03","01070107","06","11200560",1,2,6000
"201901","2*6*9*","02","02","02010503","05","11680656",1,1,7000
"201803","8*1*","02","06","02010201","03","42130",1,2,3000
"201801","2*6*7*","02","04","03039901","04","11290660",1,1,8000
"201904","3*4*3*","02","07","01080110","05","11320670",1,2,8000
"201810","2*9*4*","01","02","01050203","05","11380690",1,2,5000
"201807","2*5*0","02","05","01050701","06","11230560",1,1,8000
"201904","2*6*9*","02","06","01011806","04","11200570",1,4,2000
"201809","4*7*7*","02","05","01030101","01","11680610",1,1,7000
"201805","2*3*0","02","06","01011602","06","11500620",1,1,8000
"201808","2*7*1*","01","06","01070109","04","11560535",1,1,1000
"201910","3*7*1*","01","03","01010603","05","11320690",1,1,3000
"201910","2*6*6*","02","02","01010404","04","11440600",1,1,12000
"201802","3*6*5*","02","05","01020203","05","11680656",1,2,23000
"201812","2*8*1*","01","05","03010402","05","11650531",1,2,1000
"201805","4*3*1*","01","05","01080102","03","11170560",1,2,13000
"201806","2*1*7*","02","03","01020704","03","11680640",1,5,13000
"201910","1*5*0","02","04","01011501","06","11380530",1,6,3000
"201807","3*5*6*","02","03","01030101","04","11650530",1,2,5000
"201905","2*0*9*","01","04","01010102","05","11320690",1,1,5000
"201902","2*8*9","02","04","01070201","04","11440630",1,3,1000
"201812","2*0*2*","02","05","01070109","06","42150",1,3,25000
"201809","1*8*3*","02","05","01080102","04","11560610",1,1,6000
"201903","1*4*5*","02","04","01011601","06","11350630",1,1,5000
"201807","3*6*3*","02","03","03030203","04","11620630",1,1,8000
"201912","2*3*4*","02","07","01020601","06","11410620",1,1,4000
"201801","2*4*7*","01","04","01010605","05","11260690",1,3,1000
"201809","3*3*0*","02","04","01011301","03","11320690",1,1,1000
"201911","1*4*5*","01","02","01070201","05","11380690",1,1,2000
"201804","1*4*0","01","03","01030103","05","11560535",1,1,3000
"201907","2*7*7","01","03","01090105","05","11380690",1,1,3000
"201805","3*2*2","02","05","01070110","05","11710710",3,2,44000
"201909","4*1*8*","01","04","01011805","05","11560535",1,2,11000
"201805","1*5*0*","02","02","05020302","02","41461",1,1,8000
"201803","4*1*1*","02","06","01050699","02","11380552",1,1,2000
"201808","1*6*5","02","05","01020708","05","11350700",1,1,4000
"201902","1*2*5*","01","04","01070111","05","11530530",1,1,1000
"201903","2*2*1*","02","05","01100101","05","11380690",2,1,8000
"201802","3*5*0*","01","04","01011501","04","11215860",1,2,7000
"201808","5*0*6*","02","07","01070108","05","11545610",1,1,5000
"201811","2*9*9*","02","06","01011107","05","41310",1,1,2000
"201912","2*0*8*","02","03","01010901","05","11560610",1,2,48000
"201903","1*8*2","02","04","01010601","04","11410660",1,1,8000
"201806","1*4*5*","02","07","01069902","03","11560535",1,1,3000
"201804","2*3*9*","01","06","01010708","02","11710680",1,1,1000
"201802","2*3*9*","02","03","01010601","05","11530540",1,1,3000
"201804","3*5*6*","02","04","01070107","05","11230660",1,1,2000
"201909","7*1*7","02","04","01011306","05","44133",1,1,6000
"201812","3*5*7*","02","07","01060204","04","42130",1,1,3000
"201910","3*5*1*","02","04","01070302","05","11545610",1,1,4000
"201908","2*7*7*","02","04","01070399","04","11230560",1,1,5000
"201809","1*6*6*","02","06","01010604","05","28185",1,1,28000
"201905","2*8*3","02","03","01050203","04","11380530",1,2,7000
"201801","2*0*7","02","03","01070106","05","11650540",1,1,1000
"201912","2*8*4*","01","02","01070109","02","11140540",1,1,1000
"201902","1*1*8*","02","05","02020199","06","11380690",1,6,10000
"201901","4*5*8*","02","05","01011005","05","11320690",1,1,8000
"201908","2*7*4*","02","04","01011601","05","11260590",1,1,17000
"201909","1*3*5*","01","06","01011107","06","11680700",1,1,6000
"201908","2*5*1","02","05","01050617","05","11560535",1,1,6000
"201908","1*4*0*","01","03","01011804","04","11305555",1,1,14000
"201809","2*7*1*","02","02","01030199","06","11545610",1,2,5000
"201908","1*4*0","01","05","01030102","05","11560700",1,9,29000
"201911","1*6*0","02","05","01040103","04","11740610",1,2,2000
"201904","8*0*","02","06","03010407","04","11710642",1,1,4000
"201811","4*0*5*","02","07","01070103","05","41150",1,1,3000
"201908","4*6*8*","02","04","02010306","06","11215870",1,4,15000
"201809","2*9*7*","02","03","04010708","04","11545610",1,1,2000
"201808","1*5*2*","02","04","01010708","04","11500535",1,1,2000
"201907","3*6*8","01","07","01030106","03","11710642",1,3,2000
"201803","4*7*6*","02","03","01030104","04","11230560",1,1,5000
"201912","8*8*","01","05","01010708","05","11305534",1,1,2000
"201803","2*6*9*","01","07","01030104","05","11560610",1,1,3000
"201806","3*9*5*","01","06","01060101","04","11710710",1,2,3000
"201812","2*1*3*","02","02","08029902","02","41150",1,1,3000
"201803","2*8*5*","02","01","01020401","05","11500620",1,1,6000
"201801","9*9*","02","02","03020205","05","42130",1,1,2000
"201802","3*5*6*","02","04","01060204","04","11380530",1,1,6000
"201803","2*6*7*","01","05","01070199","06","11230560",1,2,4000
"201812","4*2*6*","02","04","01010202","05","11350621",1,2,110000
"201905","4*7*5*","01","03","01010203","04","11650531",1,2,4000
"201802","2*0*1*","02","04","01070109","05","11680580",1,1,9000
"201907","3*5*4*","02","04","01011501","05","11650530",1,2,14000
"201910","2*3*7*","01","05","01070201","05","11680630",1,1,4000
"201912","3*2*5*","01","07","01060103","05","11545610",1,2,4000
"201812","1*2*7*","01","04","01011005","06","41390",1,1,3000
"201804","2*3*9*","01","05","01011106","03","11380690",1,1,1000
"201806","2*0*8*","02","06","01070108","05","11440630",1,1,4000
"201903","3*5*1*","02","06","01020603","03","11650540",1,1,13000
"201804","3*9*1*","02","04","01020204","04","11470550",1,4,10000
"201812","4*7*1*","02","05","01020501","05","11710690",1,1,4000
"201803","1*9*8*","02","04","01020604","05","11500620",1,1,4000
"201808","1*5*9","01","03","01070107","03","11710680",1,1,5000
"201912","4*6*2*","02","06","01010708","04","28185",1,2,9000
"201808","4*4*3*","02","04","01011201","03","11500611",1,1,1000
"201811","3*1*4*","02","04","09029906","04","11305534",1,3,6000
"201808","3*3*9*","02","04","01050615","05","11560535",1,2,10000
"201806","1*5*5","02","05","01030103","05","30200",1,1,66000
"201806","1*3*9*","02","04","01050103","04","11140540",1,1,1000
"201908","1*4*6","02","04","01040103","03","11710710",1,1,17000
"201907","2*6*6*","02","04","01020701","05","41360",1,1,4000
"201901","4*9*1*","02","04","04020302","05","11560535",1,1,4000
"201801","4*9*1*","02","05","01060103","05","11500620",1,1,4000
"201807","3*5*5*","01","02","01080110","05","11710710",2,2,1000
"201802","2*7*9*","01","04","01070111","06","11380690",1,1,14000
"201805","2*5*1*","01","04","03020101","05","11380690",1,1,2000
"201906","1*1*7*","02","06","02010503","03","11680580",1,1,9000
"201801","1*9*1*","02","04","01011309","05","11380625",1,1,7000
"201910","4*9*0*","02","04","01080114","05","11560535",1,1,5000
"201809","1*4*2*","02","05","01070106","06","11215840",1,2,1000
"201801","1*1*5","02","04","01010714","05","11650530",1,2,6000
"201911","2*7*4*","01","04","01010709","05","11650530",1,1,1000
"201810","2*8*0*","02","04","01011105","06","11530530",1,2,9000
"201908","3*2*4*","02","05","01011601","03","41610",1,1,10000
"201910","1*9*6*","01","06","01010603","04","11620745",1,1,19000
"201805","1*5*1*","02","04","02020102","05","11380690",1,1,10000
"201808","4*0*4*","01","04","06111001","03","44800",1,1,4000
"201901","1*7*3*","02","03","04020305","03","11440585",1,1,3000
"201801","3*9*5*","01","03","01050202","04","30200",1,2,29000
"201902","4*9*3*","02","04","03020101","04","11290780",1,1,7000
"201802","3*5*9*","02","05","03030104","06","11410585",1,1,8000
"201908","2*7*0","02","05","01050801","04","11710642",1,2,3000
"201809","3*3*3*","02","06","04029903","05","41830",1,1,4000
"201804","3*5*4*","02","04","10010104","05","41273",1,1,6000
"201805","2*6*7*","02","04","01010601","05","11380690",1,1,3000
"201901","2*0*5*","02","05","02010306","05","11650530",1,5,2000
"201811","4*8*5*","02","03","01011107","05","11140540",1,1,20000
"201812","4*7*7*","02","04","01011107","03","29140",1,1,7000
"201805","3*6*7*","02","04","04020505","04","11230570",1,3,1000
"201810","2*9*8*","01","06","02010503","04","11560540",1,1,2000
"201803","3*2*2","01","05","01010402","05","11140540",1,1,18000
"201909","1*2*0*","02","04","01070106","03","41285",1,1,40000
"201809","2*2*8*","01","05","01030102","05","11350621",2,1,1000
"201911","2*9*9","02","06","01070105","06","11200560",1,2,6000
"201910","2*3*1*","01","03","01011801","05","29200",1,1,5000
"201911","2*4*7","01","03","05010704","03","11320690",1,1,5000
"201904","4*2*5*","02","02","02010201","06","11710642",1,1,10000
"201810","2*9*1*","01","05","01080101","05","11560610",1,1,6000
"201907","4*0*4*","02","05","01080101","05","11290780",1,2,21000
"201802","2*1*2*","02","05","01010516","05","41273",1,1,2000
"201807","2*1*7*","02","04","01010601","04","11710680",1,3,11000
"201804","2*9*1*","02","05","01050802","04","11680610",1,1,2000
"201808","1*3*5*","02","05","01070102","02","11440630",1,1,2000
"201809","2*6*1*","02","05","01060103","04","28237",1,1,2000
"201904","4*3*9*","02","04","01010601","02","11710642",1,1,2000
"201812","2*1*9*","02","04","01011107","06","11710710",1,1,2000
"201805","1*3*6*","02","03","01011808","05","11350621",1,1,10000
"201912","4*9*8*","02","04","01060201","04","11710710",2,1,5000
"201907","2*4*3*","01","06","01011601","04","11320670",1,1,8000
"201803","1*3*3*","02","06","01060201","04","11710670",1,1,24000
"201809","3*5*5*","02","04","01020502","04","11650610",1,1,4000
"201909","3*2*5","02","05","01011301","03","11350621",1,1,21000
"201909","3*6*7*","02","07","01070303","05","41463",1,2,3000
"201911","2*9*8*","02","04","01060201","04","11545610",1,1,1000
"201801","2*9*7","01","02","01070302","03","11215870",1,2,5000
"201801","1*7*5","02","06","01011106","05","11560700",1,1,1000
"201905","2*1*4*","01","03","01011107","04","11680700",1,3,16000
"201803","3*2*7*","02","04","01050401","03","11200570",1,1,1000
"201805","3*5*1*","02","04","01011306","03","11710670",1,1,2000
"201907","2*9*8*","02","03","02010103","05","11320690",1,1,3000
"201912","4*2*8*","02","05","01010903","04","11560535",1,1,1000
"201908","2*9*2","02","05","01010709","04","11470550",1,1,6000
"201810","2*7*1*","02","05","01110101","04","11305575",1,1,13000
"201806","4*9*2","01","04","01020704","06","11680590",1,1,1000
"201810","3*5*1*","02","04","01010708","05","11380690",1,1,5000
"201811","1*4*3*","02","02","01020404","04","41570",1,1,10000
"201811","1*7*8","02","05","01010801","04","11560610",1,2,12000
"201801","2*7*7*","02","04","01020301","06","11680590",1,1,3000
"201907","4*5*0*","01","03","01010903","05","11380690",1,2,13000
"201910","2*5*0","02","04","01070111","03","11500620",1,1,7000
"201907","2*9*4","02","05","01060201","04","11620630",1,1,5000
"201907","2*3*4","01","05","04020202","06","11710680",1,1,10000
"201912","2*4*6*","02","05","01020301","04","11200570",1,1,1000
"201908","2*9*4*","02","05","01050102","05","11680565",1,1,5000
"201801","4*2*1*","02","03","01050901","05","11710680",1,1,9000
"201810","3*6*4*","02","04","01070106","05","11710680",1,1,3000
"201902","3*5*9*","01","04","01070106","03","11305534",1,1,19000
"201911","3*2*8*","01","06","02010102","05","11530540",1,1,5000
"201806","1*2*1*","02","05","02020101","05","11140540",1,1,6000
"201808","1*4*0","02","05","01050403","05","11305534",1,1,1000
"201901","3*3*1*","02","03","01011501","04","11710680",1,1,15000
"201910","2*1*2","02","03","06030307","04","11350695",1,1,7000
"201902","2*7*7*","01","02","01011101","05","11500620",1,4,51000
"201812","1*7*1","02","04","01011102","03","11320690",1,1,41000
"201906","2*4*3*","01","03","01060101","03","41171",1,3,5000
"201809","4*1*7*","02","04","01011602","05","11380690",1,3,9000
"201807","1*9*1","01","02","01011306","05","11140540",1,1,2000
"201812","4*3*2*","02","07","01010212","06","11380690",1,1,2000
"201906","2*6*5*","02","04","01010715","04","11650530",1,1,20000
"201907","2*7*4*","01","04","01069902","03","11230560",1,2,7000
"201904","2*6*4*","02","06","01039999","02","11680720",1,1,2000
"201805","4*0*6*","02","03","01011006","02","11545610",1,1,1000
"201812","3*5*8*","01","05","01020603","04","11545610",1,1,3000
"201802","3*6*5*","02","06","01011107","05","11320690",1,1,10000
"201906","3*6*2*","02","02","01011102","02","11650510",1,2,13000
"201901","2*1*6*","01","03","01070109","03","11680720",1,2,2000
"201808","2*0*0","01","04","01070111","05","11410660",1,1,2000
"201805","2*0*6*","01","03","01011804","06","11545610",1,1,27000
"201905","2*7*4*","02","04","01011809","04","11200570",1,2,6000
"201908","2*6*2*","02","04","01070106","02","11230560",1,1,4000
"201901","2*7*5*","02","04","01070106","04","11380530",1,2,155000
"201909","2*2*9*","02","04","01080110","05","11560535",1,1,5000
"201805","2*2*3*","02","02","01011106","05","11560700",1,1,5000
"201901","1*4*4*","02","04","01050101","03","11305534",1,4,1000
"201808","5*2*7","02","03","01080101","05","11290780",1,1,2000
"201808","1*3*9*","02","04","01020708","04","11305534",1,2,1000
"201806","3*5*1*","02","06","05030804","05","11500630",1,1,2000
"201812","8*0*","02","05","01050403","03","11380530",1,1,3000
"201808","3*2*5*","02","04","01010601","04","11350625",1,1,5000
"201907","4*5*8*","01","04","01020501","04","11380530",1,2,4000
"201902","4*3*8*","02","04","01070109","05","11680580",1,1,4000
"201806","4*9*8*","02","04","01011107","06","11215870",2,1,3000
"201911","5*2*1*","02","05","01060201","04","11650530",1,1,8000
"201812","1*3*9*","02","04","01070107","05","11710680",1,2,3000
"201810","2*9*8*","01","05","08020807","03","41310",1,1,23000
"201901","1*4*2*","02","03","01080101","06","11680656",1,1,3000
"201811","1*7*2","02","05","01010212","06","11305534",1,2,1000
"201805","2*9*3*","02","03","01060301","05","11680590",1,3,13000
"201907","3*4*2*","01","06","01050699","05","11305534",1,2,49000
"201911","8*9*","01","03","01011502","04","11305534",1,1,1000
"201909","9*6*","02","04","01050202","04","11710642",1,2,16000
"201810","2*8*2*","02","05","01070110","05","11545610",1,4,13000
"201902","4*9*0*","02","06","01020202","05","41131",1,1,2000
"201907","2*8*9*","01","04","01010603","05","48123",1,1,16000
"201809","1*6*7","02","03","01060103","05","11140540",1,1,26000
"201901","2*2*9*","02","07","02010401","03","11710680",1,1,5000
"201808","3*9*1*","02","06","05018802","02","28237",1,3,7000
"201806","2*9*8*","02","04","01010903","04","11230560",1,2,2000
"201905","2*2*4*","02","03","01070201","03","11710710",1,1,2000
"201901","1*5*7*","01","04","01080101","05","44270",1,1,1000
"201908","2*1*0*","02","04","02010401","05","11650570",1,2,5000
"201804","1*7*2*","02","04","01040106","06","11530530",1,1,17000
"201903","8*9*","02","07","01050801","06","11440555",1,1,8000
"201906","2*1*3*","01","04","01080101","05","11710710",1,2,22000
"201807","1*3*6*","02","03","01010204","04","41210",1,2,5000
"201912","4*1*9*","01","05","01060204","03","44210",1,1,11000
"201909","2*6*9*","02","05","01110104","05","11110560",1,1,24000
"201907","2*1*8","02","02","01011107","04","11530530",1,2,1000
"201912","1*4*9","02","07","01020701","02","11560610",1,1,2000
"201909","1*8*6","02","06","01011605","06","11200560",1,1,4000
"201809","3*3*0*","02","02","01011101","05","11140540",1,1,38000
"201801","3*7*6*","01","05","01011601","05","11350700",1,1,6000
"201907","4*1*2*","02","04","01011107","05","11530530",1,2,1000
"201911","4*3*6*","01","05","01010901","05","11305534",1,2,3000
"201803","2*6*7*","02","05","01050802","04","11440630",1,1,16000
"201805","2*8*3*","01","04","01070108","05","11305534",1,6,6000
"201811","1*0*7*","01","06","01010708","05","11710710",1,1,21000
"201809","2*7*6*","02","06","01011603","04","11545610",1,5,1000
"201803","3*4*7","02","03","01050699","03","41570",1,1,33000
"201904","4*6*3*","02","04","01090202","03","11710642",1,1,21000
